headline,label
"New filings reveal more luxury trips and opaque payments to Clarence Thomas’ wife, Ginni",0
"Rural Washington library could be nation’s first to dissolve after book challenges, reshelving requests",0
Virginia’s ‘Moderate’ GOP Governor Is Quietly Funding Anti-Choice Extremists,0
Blue Envelope Bill aims to help drivers with autism and police during traffic stops,1
"If An Ailing Mitch McConnell Stepped Aside, His Replacement Would Be a Republican",0
U.S. reminds migrants to apply for work permits following pressure from city officials,-1
President Biden Comments to Reporters Before Florida Visit,0
"Neo-Nazis parade swastika flags in Florida, chanting 'We are everywhere'",0
The Press Should Take Its Bullhorn From Trump and Hand It to His Civil Society Critics,1
"After nearly 30 years, Pennsylvania will end state funding for anti-abortion counseling centers",0
Nikki Haley calls for 'mental competency tests' for aging US leaders,0
NC congressman introduces 'Stop Pot Act' to curb recreational marijuana legalization,-1
"Trump lawyer says ex-president doesn't need trial prep: He is ""incredibly intelligent""",1
Peoria council points to sex offender at vice mayor's house as grounds for resignation,-1
Trump says he'll appeal DC trial date; legal experts say that's not possible,0
Mitch McConnell appears to freeze again while talking to reporters,0
Consistent Signs of Erosion in Black and Hispanic Support for Biden - It’s a weakness that could manifest itself as low Democratic turnout even if Trump and Republicans don’t gain among those groups.,1
"DeSantis Rejected $350 Million in Climate Funding Before Hurricane Idalia: The Florida governor rejected millions in climate funding. Now, his state is suffering from a storm fueled by climate change.",-1
'The rule of law still matters': Republican group knocks Donald Trump after his Georgia indictment,0
Rep. Marjorie Taylor Greene Says Mitch McConnell Is Not 'Fit For Office',-1
Humana sues U.S. government to block Medicare clawback rule,-1
Florida and Texas universities excluded from list of LGBTQ+ friendly schools,1
"Francis Suarez ends his presidential bid, the first GOP candidate to drop out of the race",-1
"Education v misinformation: opposing groups duel for Wisconsin voters’ attention — Keep our Republic aims to educate voters about elections and democracy, while North of 29 pushes debunked fraud claims",-1
"California sues school district over its policy to forcibly out trans students. ""They have taken great pains to go out of their way... to trample the rights of children,"" Attorney General Rob Bonta said.",-1
Forget the Deep State. Trump is at war with the whole state,-1
Jim Banks declares war on egg tycoon scrambling Indiana Senate race,-1
Biden Administration Adds Insulin To Drug Price Negotiation List In Major Blow To Big Pharma,0
One of Louisiana's only pediatric cardiologists has left the state over anti-LGBTQ legislation,0
Congressman Ro Khanna hosts town hall in San Jose,0
Be glad you’re not in charge of raising money for Ron DeSantis,1
Trump's social media attacks against prosecutors could backfire on his attempts to delay his criminal trials,-1
"Trump pleads not guilty in Georgia election subversion case, seeks to sever his case from others",1
"The ""What happened in your state last week?"" Megathread, Week 34",0
Biden administration announces $450M in funding to beat overdose epidemic,0
Trump inflated net worth by more than $2 billion in one year: N.Y. AG,1
Why a televised Trump RICO trial could still be wishful thinking,0
Brian Kemp ushers his party away from the Trumpian deep end — again,1
Why Nikki Haley Scares the Biden Campaign,-1
Capitol physician medically clears McConnell after health scares prompt new questions over his leadership position,-1
Giuliani’s first big legal loss is a blistering one,-1
Could Fani Willis Be Removed From Office by Republicans? What We Know,0
Is RI's early voting period too long? GOP uses Carlson's dropping out to say yes,1
Ron DeSantis Overtakes Trump in Straw Poll of Young Republicans,0
McConnell's scary moment raises age limit questions for Congress — again,-1
McConnell freezes up again during Kentucky news conference,0
Republican threatens to ‘defund’ NC tribe on brink of historic marijuana vote,-1
Steve Williams becomes 1st Democrat to enter West Virginia governor’s race,0
State attorney says DeSantis fired her because she was ‘prosecuting their cops’,-1
"To Beat Trump, Democrats Need a Whitmer-Warnock Ticket",0
"Trump Co-Defendant Really, Really Doesn’t Want to Be Tried With Sidney Powell. | In a new motion, Kenneth Chesebro makes clear he does not want anyone to confuse his fringe ideas with those of the “kraken” attorney.",1
District halts all new library books because of a “sexually suggestive” kids’ book about a kitten. A board member freaked out about the kindergarten book about a cat that wants to be a unicorn.,-1
Biden student-debt plan hailed as ‘big step forward’ for millions of borrowers | Advocates say proposals that cut debt to zero for some borrowers and reduce monthly interest payments are good news,1
"Biden health agency recommends classifying marijuana as lower-risk, opening potential for major policy changes",1
‘Dancing With the Stars’ Dad Jabs House Race Rival on Biden Vote,0
"'I won't survive': Growing up with a Mom for Liberty parent, a group that's suddenly one of the most influential forces in U.S. schools",1
RNC Members Accuse Fellow Member of Being a Chinese Spy—Just Because He’s Chinese,-1
Judge declares new Texas law that would erode cities’ power to enact local rules unconstitutional,0
The Supreme Court Is Infected With the ‘Most Damaging’ Human Bias - It’s not the justices’ politics that are making them unpopular. It’s their overconfidence.,0
Iowa Attorney General appeals decision that would offer non-English voting materials to the public,0
GOP senators weigh ‘special’ meeting on their leadership after McConnell’s freeze,0
Did you hear all the racial dog whistles at the Republican debate? | Opinion,0
HHS sends recommendation to DEA on rescheduling marijuana,0
"Tucker Carlson stokes conspiracies, claims U.S. is 'speeding towards' assassination of Trump",-1
Why Biden Just Can’t Shake Trump in the Polls,0
"Trump rambled so much in a NY fraud-case deposition, a lawyer griped, 'we're going to be here until midnight'",0
"Trump’s Import-Tariff Proposal Would Cut 0.7% From US GDP, Study Says",-1
Trump threatens Democrats and ‘Crooked Joe’ over criminal cases: ‘Be careful what you wish for’,-1
"The Key Players in Trump’s Plot to Upend the Election, Mapped",0
"""He didn't build a damn thing"": Biden drags Trump in Labor Day speech",0
The Biden administration wants to know if Saudi Arabia used American weapons to kill 'hundreds' of migrants,-1
Saturday Morning Political Cartoon Thread,0
Some Republicans want more details on McConnell's health after another freeze-up,0
Mark Meadows testifies in bid to move Trump Georgia election case to federal court,0
Biden administration names 10 prescription drugs for price negotiations,0
‘I wouldn’t give him a nickel’: one-time Giuliani donors rule out legal aid,0
Trump to GOP: 'Impeach the Bum or Fade Into Oblivion',0
‘Jesus Wasn’t a Pacifist’: Training Christian Minutemen to Remove ‘Domestic Enemies’ From Office,0
Colorado GOP leaders form committee to support forthcoming 2024 ballot measure banning gender-affirming care for kids,1
DeSantis Admin. Knocked Lack of ‘Opposing Viewpoints’ on Slavery in AP Course: Report - A review of internal comments by the Miami Herald found that Florida officials objected to an “oppressor vs. oppressed” view of slavery,-1
Greene says she won’t vote for government funding without Biden impeachment inquiry,0
Sen. Tom Wright angrily puts hand on domestic violence worker outside shelter,-1
"No Labels preps playbook to select presidential candidates, broaden support",0
Democratic elites struggle to get voters as excited about Biden as they are,0
Biden approves Medal of Honor for Army helicopter pilot who rescued soldiers in a Vietnam firefight,1
The US government is eager to restore powers to keep dangerous chemicals out of extremists' hands,0
Acting Labor Secretary Julie Su: How Bidenomics is fueling union power,0
"The U.S. is pumping oil faster than ever. Republicans don’t care. | GOP presidential candidates are blaming pump prices on President Joe Biden’s clean energy policies, even though the U.S. is churning out record amounts of oil.",1
Republicans Are Wrong on Abortion—and They Know It,-1
Parents Bawl as Chaotic Tennessee Special Session Comes to Abrupt End,0
Republicans demand answers from Garland on Covid relief fraud,-1
Marjorie Taylor Greene declares outlandish list of debt ceiling demands - including Biden impeachment vote,-1
Trump’s Standing Drops in Poll Taken After Debate and Georgia Booking,0
Jordan subpoenas hate speech watchdog,-1
GOP Gov. Hangs Republican Losses on Trump: ‘It’s a Negative Brand. The Trump Brand Just Doesn’t Work’,-1
Trump Campaign Official Urged Cops To Hang Themselves During Jan. 6 Riot: Report,-1
Videos Show Angry Neo-Nazis Cursing and Screaming Slurs During March in Florida,-1
ICE sends deportation flight to Haiti after warning US citizens to evacuate,-1
Rudy Giuliani Literally Can’t Afford to Be Defaming People,0
Climate change question at Milwaukee debate shows concerns among young conservatives,0
Ted Cruz rages against non-existent Biden beer limit in viral clip,-1
Republican Voters Aren’t Looking to Be Rescued From Trump,1
Pennsylvania is key for Biden. Democrats there say the party is in shambles.,1
"Texas anti-porn bill violates First Amendment free speech laws, judge rules",0
Canada warns LGBT travellers of US risks,-1
Ramaswamy Calls For Physical Fitness to be Added to SAT: 'A Pro-Merit Solution',1
Marjorie Taylor Greene claims Burning Man disaster was an ‘act of God’ and trapped revellers are ‘brainwashed’,-1
"Bidenomics Means Lower Prescription Drug Costs, MAGA Control Means Higher Costs",-1
Donald Trump vows to lock up political enemies if he returns to White House,-1
Report from Alaska campaign regulator says Tshibaka-linked group violated state law,-1
Trump open to Vivek Ramaswamy as vice president,0
"Covid fraud: Street gang in Milwaukee allegedly stole millions to pay for murder, guns and drugs",-1
Fox News pundit calls Ramaswamy proposal ‘criminally stupid’ and ‘like a freshman foreign policy paper’,0
"Biden told Maui wildfire survivors that he can relate, citing a small fire he had in his kitchen in 2004",-1
Unionized service workers rally in Boston ahead of Labor Day,0
Donald Trump’s Plan to Get Reelected and Pardon Himself Was Just Dealt Serious Setback,1
"When I Tell You Nikki Haley Is Pathetic, That’s an Understatement",-1
'Nuts': Ted Cruz shares misinformation about border wall on social media,0
"From strikes to new union contracts, Labor Day's organizing roots are especially strong this year",1
‘Trump isn’t funding any of us’: Co-defendants in Georgia case are struggling with mounting legal bills,-1
"President Joseph R. Biden, Jr. Approves Florida Emergency Declaration",0
Judge sets start date of March 4 for Trump's federal election interference trial,0
Nikki Haley's gender is rarely mentioned on the campaign trail but always present,0
Ohio votes on abortion rights this fall. Misinformation about the proposal is already spreading,-1
MAGA State Senator Goes There: “Do You Want a Civil War?”,0
"X will allow political ads from candidates, parties ahead of US election",1
Ohio Senator says Biden Administration is failing the residents of East Palestine,-1
Justice Thomas says he used private jet for security reasons after Dobbs leak,1
Trump’s Trials Will Disrupt the Entire 2024 Political Calendar,0
"Paxton's alleged affair takes center stage ahead of his impeachment trial, testing Christian support",1
Convicted ex-Ohio House speaker moved to Oklahoma prison to begin his 20-year sentence,-1
Trump Inflated Net Worth by $2.2 Billion Before He Ran for President: NY AG,1
Biden administration issues rule clarifying definition of being ‘engaged in the business’ of selling guns,0
Feds say Mass. 'Right to Repair' law can go ahead with changes,0
Trump's trial and its impact on the Republican primary,0
Clarence Thomas Resign Calls Grows Over Disclosure: 'People Deserve Better',0
Trump federal election interference trial set for March 4 2024,0
"Tennessee Republicans Block Gun Reform, Abruptly Adjourn Until Next Year",-1
"In Iowa and elsewhere, bans on LGBTQ+ ‘conversion therapy’ become a conservative target",0
"Trump May Need Supreme Court To Say His Coup Attempt Does Not Violate Constitution - The 14th Amendment bans insurrectionists from seeking office, and the question of whether Trump can even be on the ballot is likely headed to the high court.",1
"GOP leader telling executive committee meeting might not be legally, logistically possible this week",0
Millions More Workers Would Get Overtime Pay in New DOL Proposal,0
"Mark Meadows pointed a finger right at Trump, ex-special counsel says",0
Greene calls McConnell unfit for office after 2nd freeze-up,0
GOP State Rep. Arrested On Voter Fraud Charge,-1
'Gloriously Wrong': Law Expert Gladly Takes Back Prediction About Trump's Fate,1
"GOP faces September conundrum on impeachment, spending",0
"Arizona GOP rejects single-day vote proposal, angering election deniers",-1
Lawsuit to disqualify Trump filed in New Hampshire,-1
"The Christian home-schooler who made ‘parental rights’ a GOP rallying cry | On a private call with Christian millionaires, home-schooling pioneer Michael Farris pushed for a strategy aimed at siphoning billions of tax dollars from public schools",-1
Retired Judge Spots ‘Stunningly Stupid’ Move From Trump's Legal Team,0
"New York says Trump should be found liable for fraud, even before a trial",-1
"Mitch McConnell freezes, struggles to speak in second incident this summer",-1
Gay doctor flees Louisiana due to anti-LGBTQ+ laws: 'I don't have a choice'. A gay doctor who is one of Louisiana’s only specialist paediatric cardiologists has left the state after the introduction of a Don’t Say Gay copycat bill and a ban on gender-affirming care for trans youth.,-1
White House blasts Marjorie Taylor Greene for threatening government shutdown over Biden impeachment inquiry,-1
ICYMI: Rep. Schiff Joins Pan Armenian Council of Western USA to Speak on the Humanitarian Crisis in Artsakh,-1
"Commerce Secretary Gina Raimondo says business leaders are ""very worried"" about a government shutdown",-1
Senate Majority Leader Mitch McConnell appears to have another possible medical episode,0
Federal judge delivers win to young gun rights advocates,1
Discussion Thread: First Day of the Impeachment Trial of Texas Attorney General Ken Paxton at 9 a.m. Central,0
A Chicago Cop Is Accused of Lying Under Oath 44 Times. Now Prosecutors Are Dropping Cases That Relied on His Testimony.,-1
Wealthy Family Wants to Reopen Major Industrial Polluter in Alabama Despite Mounting Debts and Proposed Regulation,0
Rep. Clyde signals appropriations fight over Trump prosecutions,-1
Can Trump be barred from the Arizona ballot? Secretary of State Adrian Fontes says 'no',0
"Trump’s Trials Don’t Interrupt His Campaign—They Are His Campaign: Most politicians could never mount a campaign amid four criminal proceedings—but that’s what Trump wants, and we need to understand why.",-1
Report on Trump's private remarks reveals true stakes of 2024 election,1
An Iran mouthpiece’s ‘scoop’ draws Republican ire,0
"""Crossed the line of ethics"": Jamie Raskin uses GOP admission to demand House subpoena Jared Kushner - GOP Oversight Chairman James Comer has allowed Kushner to ""ignore and defy"" questions about Kushner's Saudi cash",-1
Mark Meadows taking stand in Georgia hearing: reports,0
Judge Sets March 4 Trial Date in Trump Election Interference Case,0
"UAW strike looks ""highly likely"" when contract ends Sept. 14",0
The nation’s population is growing — but Congress is standing still,0
"Majority of Americans concerned about anti-LGBTQ+ policies in schools, new poll finds",0
"Trump, other defendants set to be arraigned Sept. 6 in Georgia election case",0
"Trump pleads not guilty in Georgia election subversion case, seeks to sever case from co-defendants who want a speedy trial",1
Georgia Republican Says Trump Has “Moral Compass” of “Ax Murderer”,0
An Ohio ballot measure seeks to protect abortion access. Opponents’ messaging is on parental rights,1
Clarence Thomas Discloses Three 2022 Flights on Right-Wing Billionaire's Private Jet,0
Trump’s federal trial in election subversion case set for March 2024,0
"Libertarian Leak: Extremist Ties, Anti-LGBTQ+ Remarks, GOP Collaboration",0
FCC says “too bad” to ISPs complaining that listing every fee is too hard,-1
"Donald Trump’s Georgia Trial on RICO Charges to Livestream on YouTube, Judge Rules",-1
A Texas judge has declared unconstitutional a law championed by Gov. Greg Abbott that limits the power of Democrat-led cities,1
Trump pleads not guilty and waives arraignment in Georgia election case,1
Trump Spreads ‘Roomer’ That DeSantis Plans to End Campaign,0
Republican candidate Vivek Ramaswamy wants Elon Musk as his presidential adviser,0
Trump trials: A unique challenge for Biden's presidential campaign,0
Trump Phone Interview Was So Odd People Wrongly Thought It Was AI,-1
"Texas drunk drivers will now have to pay child support if they kill a parent, guardian",-1
Ramaswamy’s Strive Firm Parts Ways With Top Lawyer Amid Lawsuits,0
Why Is Nobody Doing Anything About Mitch McConnell?,0
What to expect opening day of Texas AG Ken Paxton’s impeachment trial,0
Why some right-wing activists zeroed in on the Jacksonville shooting,0
‘Unborn Child’ Ohio Ballot Wording Is a Win for Abortion Foes,1
Kentucky governor won't commit to GOP appointment if McConnell steps down,-1
Where the war on woke goes from here,-1
Biden administration proposes rule aimed at curbing the ‘gun show loophole’,0
Sanders stumps for Democratic votes at Regunberg rally,0
"Tucker Carlson claims we're 'speeding toward assassination' of Trump, amping up baseless far-right conspiracy theory",-1
State election officials prepare for efforts to disqualify Trump under 14th Amendment,0
GOP rep introduces resolution to impeach Austin over Afghanistan withdrawal,0
Trump furious as legal troubles hamper his PGA championship plans,-1
Trump Doesn’t Look So Invincible in Post-Debate Polls,1
GOP lawmakers take aim at LGBTQ+ 'safe places' program in small Florida town,1
White House spars with MTG after she conditions funding vote on Biden impeachment,0
Biden Administration Proposes Major Expansion Of Gun Sale Background Checks,-1
Judge rules Rudy Giuliani has forfeited election defamation case,0
Arizona GOP continues eating its own in defense of Kari Lake and MAGA mania,0
"""We call that kind of love a cult"": Experts on the latest disturbing poll of Trump supporters - New poll reveals that members of the MAGA cult trust Trump most: He ""provides the kind of love they crave""",1
DeSantis says Florida will apply for federal disaster relief money. He opposed it as a congressman.,-1
Pope says conservative U.S. Catholics have replaced faith with ideology,1
Abbott's Texas National Guard set up a secret spy operation and treated the border like it was the war in Iraq: whistleblowers,-1
"Harris/Messenger Poll: Biden, Trump in Dead Heat, Ramaswamy Wins The Debate",0
Ron DeSantis goes to extreme lengths to dodge questions from 15-year-old,0
"Trump, after entering not guilty plea, seeks to sever his Georgia election interference case",1
Trump is running out of other people's money to pay lawyers. Save America PAC is almost broke,0
Judge holds Giuliani liable in Georgia election workers' defamation case for withholding information,0
‘It’s been festering in Florida’: DeSantis accused of hypocrisy over response to racist shooting,-1
Joe Biden Is Making a Bold Bet: Trump’s Indictments Will Speak for Themselves,1
'The Trump brand doesn't work': GOP governor blames Donald Trump for Republican losses,-1
Democrats Unimpressed With Clarence Thomas's Feeble Attempt At Transparency,-1
"Trump Poses 'Danger' to Witnesses, Threat Must Be Neutralized: Kirschner",-1
"Biden’s Bold Move on Drug Prices Gives GOP Two Choices: Change the Subject, or Lie",1
Trump’s Chief of Staff Mark Meadows seems to think he can avoid prosecution. Here’s how,-1
California elementary school evacuated over bomb threat after rightwing harassment,-1
America's Surprising Partisan Divide on Life Expectancy,1
"Trump attacks Judge Chutkan on Truth Social and vows to ""appeal"" trial date — which ""is not a thing""",0
Eastman ‘confident’ all Georgia defendants will be ‘vindicated’ at trial,0
Justice Thomas Reports Private Trips With Harlan Crow,1
Breaking out of news bubbles will help strengthen our democracy,1
"Climate deniers are entitled to their own opinions, but not their own facts",0
Ron DeSantis didn’t listen. No wonder Jacksonville booed him,-1
Rep. Magaziner condemns Republicans' proposed cuts to Head Start and Title I,-1
"Florida Judge Throws Out DeSantis-Backed Congressional Map, Rules In Favor of Civil Rights Groups",1
"As Auto Strike Looms, Biden Admin Puts $15.5 Billion Toward Just Transition to EVs",-1
McCarthy says impeachment inquiry would require House vote,0
Toma and Petersen claim doctors have no legal right to challenge abortion ban,-1
The Articulate Ignorance of Vivek Ramaswamy,-1
Biden's Education Department is taking the next step to get broad student-loan forgiveness to millions of borrowers,1
Biden Targets First Drugs to Face Deep Medicare Price Cuts,-1
Marjorie Taylor Greene unexpectedly joins Democrats in call for cameras in federal court,0
"Mitch McConnell is 'medically clear' to continue work, U.S. Capitol doctor says",1
Gina Raimondo says she complained to Chinese officials about being hacked,-1
“Deeply Out of Touch”: MI GOP Calls Paid Family Leave “Summer Break for Adults”. A Michigan Democratic leader said the suggestion is “offensive beyond belief.”,0
Four Trials and a Primary: Here’s What Trump’s Weirdest Campaign Might Look Like,0
Ann Coulter: ‘I don’t think Trump will be the nominee’,0
“Mental Health Incompetence”: Republicans Demand Mitch McConnell Resign,-1
A New Rudy Scandal: FBI Agent Says Giuliani Was Co-opted by Russian Intelligence,0
Conservative activists are pushing ‘trafficking’ laws to prevent women from traveling for an abortion,0
Biden says U.S. is in one of 'the strongest job-creating periods' after jobs report,1
2 Trump co-defendants ask judge to break apart Georgia election interference case and hold separate trials,0
Trump: Rupert Murdoch a ‘globalist’ trying to tear me down,0
Ohio Republicans accused of trying to mislead voters with abortion ballot wording,-1
"Eminem Has Had Enough, Sends Cease and Desist to Vivek Ramaswamy: Eminem is fed up with the 2024 Republican candidate for using his music.",0
Video of young Ramaswamy questioning Al Sharpton at town hall goes viral,0
Texas Supreme Court allows ban on gender-affirming care for most minors to take effect,1
Harris County breaks up elections office in compliance with new state law,0
FactChecking the First GOP Debate - FactCheck.org,0
Judge to set date for Trump's D.C. trial,0
Ranked choice voting deserves a place in presidential primaries,0
Sanders Says 'Much More Has to Be Done' to Cut Prescription Drug Prices,-1
Florida Black community's anger at Ron DeSantis spills out after the racist Jacksonville shooting,-1
First test in Georgia v. Trump: Can prosecutors keep home-court advantage?,1
An 'obscene' number of kids are losing Medicaid coverage,-1
"Rudy Giuliani is liable for defaming 2 Georgia election workers, a judge says",0
Adams criticizes NY Gov Hochul over migrant crisis,-1
California's controversial Senate Bill 94 could reduce sentences for felons not eligible for parole,0
Liberal groups seek to use the 14th Amendment to block Trump from 2024 ballots,-1
How a state effort to fund Texas schools equitably is shortchanging dozens of rural districts,0
Democrats Demand Subpoena of Trump Son-in-Law Jared Kushner Over Saudi Business Deal,0
White House calls Marjorie Taylor Greene talk of Biden impeachment a 'partisan stunt',0
Congress poised for messy September as McCarthy races to avoid government shutdown,-1
Nikki Haley Calls Senate A 'Privileged Nursing Home' After McConnell Freezes,1
Federal judge to set date for historic US versus Trump trial,0
ChatGPT says no political targeting. It’s easy to break the rules.,0
Fabian Nelson Will Be Mississippi’s First Openly Gay Lawmaker After Runoff Victory,0
Texas fracking billionaire brothers fuel rightwing media with millions of dollars,0
Mark Meadows' Risky Move in the Trump Georgia Case,-1
Some Republicans Worry that a Trump Nomination Could Bring Steep Down-Ballot Losses for the GOP,-1
"Republicans, instead of attacking teachers unions, maybe help solve our educator shortage? Critics show contempt for those of us on the front lines of childhood poverty, childhood trauma and the teen mental health crisis. Until we are given respect, we can't afford not to have unions.",-1
"Mark Meadows may have a ""perjury problem"" after testifying",-1
Missouri’s ban on gender-affirming care for minors is officially in effect,0
Miami Mayor Francis Suarez suspends 2024 GOP presidential bid after failing to qualify for debate,-1
"California sues Chino school district, aiming to end policy notifying parents of student gender changes",0
"Rudy Giuliani liable for defaming Georgia election workers, hit with sanctions by judge",0
Fact check: Audio debunks Vivek Ramaswamy’s false claim that he was misquoted about 9/11,0
Young voters tend to lean Democrat. Conservatives are trying to win them over,1
Trump posts a staggering 31 videos ranting at political opponents in one day,0
Trump conspirators beware: Rudy Giuliani's loss is a reminder that the courtroom is MAGA kryptonite,-1
Trump Trial Date Incoming: Federal Judge Poised To Name Start Day In Election Case,1
"Election workers have gotten death threats and warnings they will be lynched, the US government says",-1
Vivek Ramaswamy thinks college applications should include a 1-mile run and other parts of the Presidential Fitness Test,1
McConnell appears to freeze while speaking with reporters in Kentucky,0
"Kari Lake still ‘contemplating’ Senate bid in Arizona: Since her failed 2022 gubernatorial bid, there has been speculation she would pivot to the Senate.",-1
Can a tree be historic?,0
Trump’s co-defendants are already starting to turn against him - There’s a nascent courtroom strategy by some people close to Donald Trump: Heap blame on the former president.,-1
"Florida GOP lawmakers target small town over safe space decals. In May, the Humans Rights Campaign joined other civil rights organizations in issuing a travel advisory for Florida",1
Staten Island residents protest use of former school to house migrants,-1
DeSantis’ super PAC head honcho privately admits he’s spreading dirt on Ramaswamy,1
"Proud Boys, Oath Keepers prosecutions set stage for Trump DC trial",1
"Tucker Carlson: Trump Opponents 'Are Speeding Towards Assassination, Obviously'",-1
Mark Meadows takes stand in bid to derail Georgia criminal charges,-1
Biden will visit Florida over the weekend to survey Hurricane Idalia damage,-1
Colorado can’t enforce age restriction on gun ownership during lawsuit appeal,-1
White House Tries to Dismiss Lawsuit Filed by Asylum Seeker Separated from Son—The mother behind the lawsuit developed facial paralysis and depression from the trauma of being separated from her son.,-1
Biden says 'I don't know' what happened with DeSantis meeting as he surveys Hurricane Idalia damage,-1
Did a Fake Donald Trump Dupe News Hosts? What We Know,-1
Florida Gov. Ron Desantis booed at vigil as hundreds mourn more racist killings,-1
The tricky legal question at the center of the Trump mug shot cash grab,0
Government shutdown could impede GOP’s Hunter Biden probe: McCarthy,0
Democrats walk out of House session after Rep. Jones silenced; Gallery cleared,0
Rep. Nancy Mace says Republicans in swing districts are 'walking the plank' because of abortion restrictions,0
"Judge sets March 4, 2024, as Trump trial date in election interference case",0
"As worker actions continue nationwide, White House highlights how administration is helping unions",1
"For Democrats To Hold The Senate, Their Red State Incumbents Will Have To Defy Political Gravity",0
Insurrectionabilia at the Smithsonian,0
"Oregon gun law could do more to reduce suicide, audit finds",-1
"For George Santos, a life in Brazil at odds with his GOP politics",0
Wisconsin's new liberal Supreme Court justice hasn't heard a case but Republicans may impeach,1
US judge calls ban on forced reset triggers for guns 'likely unlawful',-1
McConnell freezes again during Kentucky press conference,0
Why Canada is sounding the alarm about American extremism,-1
Conservatives are on a mission to dismantle the US government and replace it with Trump's vision,1
Wisconsin Supreme Court chief justice accuses liberal majority of staging ‘coup’,1
House Republican Calls Out Biden Impeachment: “There’s No Evidence”,-1
Democrats Push to Subpena Jared Kushner’s Saudi-Backed Investment Firm,0
"A look inside Donald Trump’s deposition: Defiance, deflection and the ‘hottest brand in the world’",0
"Texas Attorney General Ken Paxton pursued perks beyond impeachment allegations, ex-staffers say",0
How Free Speech and Willful Blindness Will Play Out in the Trump Prosecution,1
The GOP’s Drag Bans Aren’t Meant to Be Good Laws. They’re Meant to Cause Chaos.,-1
Will Starbucks’ union-busting stifle a union rebirth in the US?,0
"Larry Hogan says he has ""not closed the door"" to running for president under a No Labels ticket",-1
Texas judge blocks bill that would allow state to override local water breaks rules,0
Judge rules Rudy Giuliani defamed Georgia election workers,0
Trump moves to sever his own Georgia election fraud case from co-defendants seeking speedy trial,-1
Biden bashes Trump’s jobs record to mark Labor Day,0
Francis Suarez suspends presidential campaign,0
"Some Republicans are considering impeaching Janet Protasiewicz, here's how we got here",0
Portland area projected to get $320 million from homeless tax revenue -- $85 million more than the previous forecast,0
The leaked internal poll numbers scrambling the GOP primary,-1
Seat belt bill proposed in Ohio after student killed in school bus crash,-1
SEC chair Gary Gensler's court losses are piling up in crypto,-1
Opinion: How the GOP used ‘Joe the Plumber’ to sell a myth,0
Tuberville's hold on military promotions may put 650 officers in limbo by year's end,0
Biden will visit Hanoi next month as he seeks to strengthen US-Vietnam relations,1
"Expand Social Security to Honor US Workers - As traditional pensions continue to disappear, Social Security is more vital to American workers’ economic security than ever.",1
"Ted Cruz's beer stunt sparks avalanche of jokes, mockery",0
The California Megachurch Pushing Public Schools to the Far Right,0
Vivek Ramaswamy Is a Fraud—and Always Has Been | Opinion,0
States’ attempts to age-gate the Internet blocked by constitutional hurdles,-1
Texas National Guard disbanded intelligence wing after members used WhatsApp to spy on migrants,1
"Welcome to the ""You Do You"" Pandemic",1
“Absolutely absurd”: Ex-judge calls out Trump lawyer’s “stunningly stupid” argument in court,-1
Brian Kemp Ignites Republican Civil War in Georgia,-1
Adam Kinzinger Rips 'Outrageous' Ron DeSantis For Not Meeting With Biden In Florida,0
U.S. health officials want to loosen marijuana restrictions. Here’s what it means,0
Do Any Republicans Actually Want to Beat Trump?,0
Impeachment threats and shutdown fears: Congress returns for a chaotic September,-1
"Donald Trump compared to ""axe murderer"" by Republican",-1
Trump dismisses Democrats’ arguments he could be removed from ballot under 14th Amendment,-1
Wisconsin Supreme Court Chief Justice Accuses Liberal Majority Of Staging A 'Coup',1
The far left wages an internal fight: Help Democrats or reject the establishment?,-1
Conservatives aim to restructure U.S. government and replace it with Trump’s vision,1
How to Treat Right-Wing Violence in the U.S.,-1
Ohio Republicans Sneak in Sinister Change to Abortion Ballot Language,-1
"“Dark” right-wing network recruits MAGA “army” to replace 50K federal workers Trump plans to purge - ""Project 2025 is extremists' newest plan to set fire to our democracy,"" watchdog group warns",-1
How Trump’s Trial Dates Crash Into GOP Political Calendar,-1
An Ohio ballot measure seeks to protect abortion access. Opponents' messaging is on parental rights,1
US Supreme Court Justice Barrett says she welcomes public scrutiny of court,1
Neurologists Suggest Mitch McConnell’s Latest 'Freezing' Episode Indicates Serious Health Issue,0
Pro-Ron DeSantis super PAC ends door-knocking in Nevada and Super Tuesday states,1
A Flood of BS,0
"Adam Schiff: Disqualifying Trump Could Be 'Legitimate Issue' In 2024 Election - Schiff said there is a ""valid argument"" for keeping Donald Trump off of ballots next year.",-1
Unequal Justice: Trump’s Mar-a-Lago Trial Could Be Tanked by the Judge - We can’t forget about the documents case and the pro-Trump judge who could subvert the prosecution.,-1
From RICO charges to loyalty pledges: Trump's transformation of the GOP into a crime mob is complete,-1
The Evolution of A.O.C.,0
Poll: Majority of Americans Support Unions and Support Strikes - A new Gallup poll shows Americans are overwhelmingly in favor of labor unions.,1
From Trump to Vivek: The GOP Is Primed for Another Charismatic Phony,0
Biden administration proposes to close loophole on background checks,0
‘Donald Trump’s army’: Proud Boys members face decades in prison for January 6 sedition,-1
"After a shocking removal, Washington Capitol memorial honoring LGBTQ lawmaker reinstalled",0
"Special counsel election probe continues with focus on fundraising, voting equipment breaches",1
"Wisconsin’s new liberal Supreme Court justice hasn’t heard a case, but Republicans may impeach her",1
Abortion rights at heart of Democrats’ 2024 US election campaign,0
Trump indictments spark wave of endorsements — from rappers,1
GOP donors fret over Scott's single status,0
Beshear refuses to commit to appointing GOP replacement if McConnell resigns over health scares,-1
Mississippi elects openly gay lawmaker for first time in state’s history,0
Trump Supporters Reveal Plan to Get Him Elected If He's Removed From Ballot,1
Clarence Thomas says he flew on private jets because of safety concerns after the decision to overturn Roe v. Wade leaked,0
"Hunter Biden’s firm, Joe’s VP office exchanged more than 1,000 emails: records",0
President Biden has beaten Big Pharma with drug price negotiations: White House,-1
U.S. approves military aid to Taiwan under program usually reserved for sovereign nations,1
"U.S. Announces First Drugs Picked for Medicare Price Negotiations | The Biden administration’s announcement was an important moment for Democrats, who have campaigned on a promise to lower the cost of prescription drugs.",1
Conservative groups draw up plan to dismantle the U.S. government and replace it with Trump’s vision,1
Wisconsin GOP weighs moves to sideline elections chief and liberal Supreme Court majority,1
“I was just following orders”: Ex-prosecutor calls out Trump co-defendants for using “Nazi defense”,0
Did Utah GOP congressional candidate Bruce Hough ‘beat the FDA?’ Here’s what happened.,0
"Atlantic City airport could be used to house migrants, Biden administration suggests to NYC",0
"How Vivek Ramaswamy, the surprise GOP debate star, made his fortune and triggered his critics",0
Jim Jordan is abusing his power. Fani Willis should call his bluff. Congress can’t use its investigative power to engage in law enforcement. Yet that's exactly what Jordan is trying to do — again.,0
Here Are 11 Wild Things That Could Happen in the 2024 Election,0
"Google DeepMind co-founder calls for US to enforce AI standards, Financial Times reports",0
How Trump's loyal pen pals spread his message,1
Biden seeks minimum staff levels at US nursing homes,0
"Trump’s Appeal Strategy, Risky Rhetoric, Trial Timing Conflicts: 5 Takeaways From an Important Court Hearing in DC",-1
Portland City Council takes another look at banning public drug consumption,0
"GOP tensions between Senate, House raise shutdown odds",-1
"Trump’s D.C. Trial Over Attempts to Overthrow Election Slated for March 2024, a Day Before Super Tuesday",1
"In the abortion debate, honesty matters",1
New Texas law requires drunk drivers to pay child support if they kill a child’s parent or guardian,-1
"Sixty years after the March on Washington, attendees renew the call for King’s ‘dream’",0
"Biden is 'old,' Trump is 'corrupt': AP-NORC poll has ominous signs for both in possible 2024 rematch",-1
Donald Trump's election fraud trial in Georgia will be livestreamed,-1
Pentagon launches ‘one-stop shop’ for declassified info on UFOs,0
National Archives Has Thousands of Biden Emails in Which He Used a Pseudonym. But What Does That Mean?,0
Clarence Thomas Enlists Lawyer to Fight ‘Political Blood Sport’,-1
Pence-Founded Organization Spreads Lie Linking Abortion to Breast Cancer,-1
Justice Department will monitor polls in Rhode Island,1
"In a small Rhode Island town, a big issue about the First Amendment | Legal ads bring a lot of revenue to little local newspapers. What happens when local politicians pull them?",0
Challenge to anti-walkout law could go straight to Oregon Supreme Court,1
"Pentagon unveils new UFO website that will be a ""one-stop"" shop for declassified info",0
Sidney Powell claims it'd be 'devastating' if she can't face RICO trial alone for 'three days',-1
Biden’s Best Path to a Pro-Worker Economy Runs Through the Federal Trade Commission,1
Journalism fails miserably at explaining what is really happening to America,-1
No. 2 House Republican Steve Scalise is diagnosed with blood cancer and undergoing treatment,-1
Your Evening Briefing: Biden Turns Inflation Reduction Act on Big Pharma,0
"Sen. Mike Lee says Burning Man flooding is ‘God’s judgment.’ ‘God’s judgment is real,’ the Utah Senator posted on X in response to a story about sexual promiscuity at the annual event",-1
Majority of Americans Believe Biden Is Mishandling Every Major Issue,0
Judge Sets Trial Date in March for Trump’s Federal Election Case,0
Rep. Nancy Mace Says Republicans Shouldn't Be 'A**holes To Women' Over Abortion,0
‘Crisis-Size Deficits as Far as the Eye Can See’,0
HHS Calls for Moving Marijuana to Lower-Risk US Drug Category,0
Biden touts job numbers: ‘People are coming off the sidelines’,0
Why Virginia Is the State to Watch in the 2023 Elections,0
"Trump vows to appeal after judge set federal election trial for March 4, 2024",0
Texas judge shoots down 'Death Star' bill preempting local ordinances,-1
Opioid overdose antidote Narcan will be available over the counter in coming days,0
"Tennessee District Attorney threatens to arrest Pride organizers. A prosecutor in Blount County, Tennessee has threatened Pride organizers with an anti-drag state law found unconstitutional",-1
March 4 trial date set for Trump in federal case charging him with plotting to overturn election,0
"Highly principled libertarian or ruthlessly ambitious kook: Who is the GOP’s new darling, Vivek Ramaswamy?",1
"Trump Is Still the Number One Choice for President for Nearly 60% of GOP Voters, Poll Shows",0
Billionaires want to build a new city in rural California. They must convince voters first,1
Biden’s marijuana review process recommends DEA move weed to Schedule III: The recommendation is the result of a yearlong review initiated by the president.,1
"Breaking impasse, Tennessee lawmakers adjourn tumultuous session spurred by school shooting",0
Ohio reproductive rights group sues state Ballot Board over abortion ballot language,0
McCarthy Tries to Leverage Biden Impeachment to Avoid a Shutdown,-1
Is the end of Donald Trump’s Truth Social in sight?,1
Texas ban on public drag performances blocked by judge,-1
Guess which state is opting out of energy-savings rebate program because it’s ‘woke’,0
DeSantis’ New Insurance Law Could Make It Harder to Rebuild After Hurricane Idalia,0
Electric utilities face billions in wildfire liability with aging power lines risking another catastrophe,-1
"Dog Handlers, Air Marshals Risk Seeing TSA Raises Yanked Back",-1
"‘Kids Online Safety Act’ will deliberately target trans content, senator Marsha Blackburn admits",1
Savannah renames historic square after Black woman who taught emancipated slaves to read and write,0
"‘There’s a very real danger here’: AOC on 2024, the climate crisis and ‘selling out’",-1
"Alabama can prosecute those who help women travel for abortion, attorney general says",0
"Legal experts: John Eastman ""literally just confessed to the crime"" in Fox News interview - ""He’s admitting to committing federal crimes on national television,"" says law professor Anthony Michael Kreis",-1
Fact Sheet: Treasury Department Releases First-Of-Its-Kind Report on Benefits of Unions to the U.S. Economy,1
"Violence Is Coming? Sorry, It’s Already Here—and Getting Worse.",-1
"Katy ISD adopts new policy requiring teachers to out transgender students. The policy passed in a 4-3 vote Monday night, with many community speakers saying the measure would do more harm than good to transgender and queer students.",0
Why Florida Republicans don’t want drilling off their own coast,0
Giuliani loses defamation lawsuit from two Georgia election workers,-1
White House and Allies Ready Defensive Playbook For GOP Push to Impeach Biden,1
Texas AG Ken Paxton’s impeachment trial is in the hands of Republicans who have been by his side,0
"Biden administration cancels $72 million in student debt for more than 2,300 borrowers",-1
'There's a powerful argument' Trump is disqualified for presidency under 14th Amendment: Kaine,-1
They Were Promised Help With Mortgage Payments. Then They Got a Foreclosure Notice.,1
Prosecutors Ask If Trump Knew Giuliani Was Drunk as a Skunk on Election Night: Report,-1
Jill Biden tests positive for Covid-19,1
Gov. Jared Polis defends Gadsden flag after student reportedly removed from Colorado Springs class,0
"Mitch McConnell May Be Experiencing Small Seizures, Doctors Suggest — Two episodes, where the Republican senator froze and did not respond to some questions, may be symptoms of a serious illness, according to neurologists not involved in his medical care.",0
DeSantis tells Biden: Keep your IRA money,0
GOP salivates at the biggest campaign finance win since Citizens United,1
Michigan Gov. Gretchen Whitmer to outline remaining 2023 priorities in Democrat-controlled state,0
Fact check: Trump falsely claims he ‘never’ faced an impeachment inquiry,0
Donald Trump is cracking up the Georgia GOP,0
Vivek Ramaswamy says he'll stop using Eminem's music at campaign events: 'I'll respect his wishes',1
"Texas takeover raises back-to-school anxiety for Houston students, parents and teachers",0
Ron DeSantis isn’t planning to meet with Biden when the president surveys storm damage,-1
Trump enters a plea of not guilty in Georgia election case,1
Mitch McConnell appears to freeze again as he is asked about running for re-election,0
"187,000 jobs added in August as unemployment rises to 3.8%",-1
Judge rejects DeSantis-drawn congressional map as unconstitutional,-1
A Harvard Law professor says it was 'unbelievably juvenile' for Trump's legal team to cite the infamous 'Scottsboro Boys' case as they pushed for a federal election interference trial in 2026,0
PolitiFact: No recent public poll shows Kamala Harris with ‘great approval ratings’,1
Missouri law banning minors from beginning gender-affirming treatments takes effect,0
Biden touts his middle class roots in Labor Day speech,0
Could queer-owned businesses be key to unseating Lauren Boebert?,0
Judge Chutkan hands Trump loss with trial date,-1
Anchorage ombudsman recommends firing city IT director for role in election challenge,0
"Trump’s Georgia election interference trial will be televised and live streamed, judge decides",0
Top prosecutors back compensation for those sickened by US nuclear weapons testing,-1
"Texas DPS Director McCraw skips border security update at oversight hearing, receives $45,000 raise",1
"Nebraska governor signs executive order specifically defining females, males",0
"After Supreme Court curtails federal power, Biden administration weakens water protections",1
A Georgia trial arguing redistricting harmed Black voters could decide control of a US House seat,-1
Texas wanted armed officers at every school after Uvalde. Many can't meet that standard,0
Biden and Trump are keeping relatively light campaign schedules as their rivals rack up the stops,0
Miami Mayor Francis Suarez drops out of the 2024 GOP race,0
'Astonishingly cruel': Alabama seeks to test execution method on death row 'guinea pig',-1
Tennessee Officials Can't Use Anti-Drag Law To Interfere With Pride Festival: Judge,1
Congress returns to try to stave off a government shutdown while GOP weighs impeachment inquiry,0
"Senate GOP leader Mitch McConnell appears to freeze up again, this time at a Kentucky event",0
Thousands donate to save Florida abortion clinic amid crippling state fines,1
A school principal turned U.S. legislator has a message for students,0
Donald Trump's lawyer slips up during live TV interview,0
Justice Clarence Thomas reports he took 3 trips on Republican donor's plane last year,1
Canada issues advisory to warn LGBTQ+ people traveling to the US,0
Biden is selling an economy on the rise. Voters aren’t buying it so far.,0
10 drugs targeted for Medicare price negotiations as Biden pitches cost reductions,0
Biden: ‘Nobody intelligent’ can deny the impact of climate crisis,-1
"RI congressional candidates spar over health care, campaign contributions",1
Opinion: DeSantis’ snub of Biden in Florida shows why he’s bad at politics,-1
Pence: Biden has done ‘terrible job’ of explaining US interests in Ukraine,1
UK Electoral Commission failed basic security test before hack,-1
Thorny AI ownership questions have Copyright Office seeking public input | Should AI-created works be copyrighted? US regulators want to know what you think,-1
House Dems Ask Speaker to Investigate Grounds to Impeach Ryan Walters,0
Clarence Thomas officially discloses private trips on GOP donor Harlan Crow's plane,0
Trump has raised millions with his mug shot. Legal experts say it could be a big mistake,-1
Gavin Newsom challenged for declaring guns are the '#1 killer of kids in America’: ‘It's abortion',-1
Ramaswamy says he would've handled Jan. 6 differently than Pence,0
Cash is king – or at least it used to be – and Pa. lawmakers want to keep it that way,0
CFPB Supreme Court Case: Payday Lenders Gave to GOP Group,1
"Opinion | Naomi Klein, Naomi Wolf and the Political Upside Down",0
"Biden ‘too old to run’ again, nearly three-quarters say: poll",0
Pharmaceutical groups are suing the Biden administration for its Medicare plans,-1
"Doctors say Parkinson’s, brain injury may be causing Mitch McConnell’s ‘freezing’ spells",-1
Polling data shows partisan gap in religious identity widening: Gallup,0
How Trump first connected with CU visiting scholar who drafted plan to overturn 2020 election,0
Hennepin Co. Sheriff's Office to pull school resource officer after MN law changes,0
Nebraska permitless concealed carry law takes effect Saturday,0
"Biden touts job creation, takes aim at Trump's record in Labor Day speech",1
"Trump Accuses Left of Trying 'To Bring Back Covid Lockdowns,' Says 'We Will Not Comply'",-1
Conservatives stoke ‘fake controversy’ over unreleased Nashville shooting manifesto following Jacksonville shooter’s racist writings. Neither manifesto has been released.,-1
Vice President Harris will face doubts and dysfunction at the Southeast Asian nations summit,-1
"DeSantis’ redistricting map in Florida is unconstitutional and must be redrawn, judge says",0
Court rules Surprise overstepped by rejecting signatures opposing affordable housing,-1
GOP Threats to Punish Trump Prosecutors Are Misguided,-1
Chinese Intel Officers Interfered in U.S. Election,0
Media Conservatives outraged as Trump D.C. trial to begin March 4 amid GOP primaries: 'Corruption at its finest',-1
An effort to ban caste discrimination in California has touched a nerve,-1
Gold Star mother on Biden's conduct at dignified transfer ceremony: 'Total disrespect',0
Influential anti-LGBTQ+ Christian activist caught admitting secret plan to defund public schools. The Supreme Court could help implement his plan to take billions from public school and give them to religious private and home schools.,1
Federal judge to set Trump trial date in election interference case,0
Amy Coney Barrett Longs For The Days The Supreme Court Could Ruin Your Life In Obscurity | It's actually good that people see what's going on.,1
Mike Rounds Says McConnell 'Perfectly Capable' Of Being GOP Leader Despite Frozen Episodes,1
Tucker Carlson: ‘Obviously’ We’re ‘Speeding Toward Assassination’ of Trump,0
L.A. City Council seeks lawsuit over bussing of migrants from Texas,-1
I’m Tired of “Thoughts and Prayers” From Those Who Foment Racist Violence. The Jacksonville shooting victims deserved more than a governor who trivializes their lives with his politics.,-1
"DeSantis-aligned super PAC asked for $50 million from donors on day of first GOP primary debate, leaked audio shows",1
Houston parents push back against the state’s school takeover,0
"If Trump falls, will MAGA vanish? It won't be that easy.",-1
Peter Navarro says Trump told him to assert privilege during Jan. 6 committee investigation,1
"2024 GOP candidates, voters raise age as a concern on campaign trail",0
"Trump trial in Fulton County will be televised and live streamed, Georgia judge says",0
"DeSantis' redistricting map in Florida is unconstitutional and must be redrawn, judge says",0
"After blistering summer, Texas voters to decide if billions should go to power plants",0
Right-Wing Sheriffs Group Spreads Controversial Ideology,-1
Top Georgia Republicans shut down GOP attack on Trump prosecutor,-1
The latest hit to the Supreme Court’s credibility shows it won’t police itself,1
RNC Members Acknowledge Their Fundraising Is ‘in the Toilet’ | The Republican National Committee is having some serious money problems.,-1
'Disgusted': Senate Democrats advance bill to impose ethics standards on Supreme Court,1
"Oklahoma Kids in Peril as ‘Anti-Woke’ Official Rages Online: Parents| As bomb threats continue to disrupt schools in Tulsa, Oklahoma, a new lawsuit alleges kids face additional danger under state education boss Ryan Walters.",-1
"Don’t Say Gay, or He, or She, or They",0
"Glenn Kirschner expects ""good news"" in Donald Trump, Mark Meadows hearings",1
"Rudy Giuliani is liable for defaming Georgia election workers, judge rules - U.S. District Court Judge Beryl Howell ordered Giuliani to pay the two election workers punitive damages.",-1
Prosecutors want to know how drunk Rudy Giuliani was when he was advising Trump on overturning the 2020 election,-1
Fulton County DA asks judge to expedite cases of all 19 defendants in Georgia,0
"How did we get here? The dumbing of America, from Reagan to Trump and beyond Every Trump tantrum makes headlines, while the actual president's work is ignored. This is Reagan's legacy",-1
"Trump has few options for pre-trial appeals, but motions can delay case",-1
"In Georgia case, former Trump aide Meadows says he was doing his job",0
Texas AG Ken Paxton's impeachment trial is in the hands of Republicans who have been by his side,0
Ted Cruz Might Be the Most Gullible Person on the Internet,-1
"Sixty Percent of the Country's Wetlands Are About to Become Unprotected | According to a study by US News, West Virginia is ranked 47th out of 50 for water quality. Seems like somebody ought to do something about that.",0
A 2016 Rant From Jeanine Pirro Comes Back To Haunt Her,-1
Fulton County judge gives green light for Trump Georgia 2020 election case to be televised,0
The Real Story Behind Ron DeSantis’ Newest Fired Prosecutor,-1
Jack Smith’s Team Grilled Witnesses About Rudy Giuliani’s Drinking,0
Trump voters ambush New Hampshire state office over false rumour he was removed from primary ballot,0
"Mitch McConnell Is Waging War on Labor. Don’t Worry, He’ll Lose.—The NLRB last week scored a huge victory for workers seeking to organize. The Senate’s strategy to hit back is just bizarre.",-1
"Ramaswamy breaks with GOP candidates, says Pence missed ‘historic opportunity’ on Jan. 6",-1
Ron DeSantis booed at vigil as hundreds mourn racist killings in Jacksonville,-1
"Wadsack, Hobbs disagree over meeting tied to vouchers",-1
Sen. Sherrod Brown bets a progressive can still win in Trump-leaning Ohio,1
"National Archives Has About 5,400 Emails, Records Linked to Joe Biden's Email Aliases",0
Opinion | Joe Biden: We must keep marching toward Dr. King’s dream,1
"Texas Guardsmen spied on migrants via WhatsApp, mishandled secret docs",0
Marjorie Taylor Greene Plays Victim After Threatening To Hold Government Hostage,-1
GOP Senator Says ‘We Don’t Know’ If Trump Could Beat Biden In 2024,0
The fight to protect Fani Willis from being removed is underway,0
Trump pleads not guilty in Georgia election fraud case,-1
Biden Touts Unions and Job Growth During Labor Day Parade in Philadelphia,1
The U.S. government hoped companies would want to build wind farms off the Texas coast. No one did. | Offshore wind advocates blame Texas’ antagonistic political climate for the lack of offers. A lease off the coast of Louisiana received two bids.,-1
X To Resume Allowing Political Ads Ahead Of 2024 Election,0
Trump faces 4 March 2024 trial just a day before Super Tuesday,1
New Jersey governor says state can’t handle NYC migrants,0
Kaine says Ramaswamy support of Trump represents ‘complete lack of moral compass’,0
Biden has DNC plow $1.2M into Virginia amid Youngkin fundraising blitz,0
"N. Korea, Russia actively engaged in arms negotiations, says White House",1
"US will regulate nursing home staffing for first time, but proposal lower than many advocates hoped",0
Brian Kemp rejects Georgia Republicans' effort to save Donald Trump,0
Eminem tells Republican to stop rapping his songs,-1
Trump waived right to Georgia arraignment because he didn’t want to face court cameras,0
Mark Meadows Is a Warning About a Second Trump Term,-1
Trump pleads not guilty in Georgia election subversion case,1
Sen. Mitch McConnell appears to freeze again at a Kentucky event,0
"‘Crooked Coffee’: The alleged election office breach in the Trump indictment was part of a years-long pattern, some locals say",0
Maine officials evaluating whether Trump can appear on ballot,0
Push to expand voting rights gains ground in 2023,1
"McConnell’s health, what happens next raises stakes even higher for KY’s next governor",0
Wisconsin Supreme Court’s Conservative Chief Justice Accuses New Liberal Majority of Staging a ‘Coup’,1
"The ""What happened in your state last week?"" Megathread, Week 35",0
"Donald Trump issues ominous warning to Biden—""Be careful what you wish for""",0
Yang urges Biden to break precedent and debate RFK Jr.,0
Eminem Tells Vivek Ramaswamy to Stop Rapping His Songs,-1
Right-Wing Influencers Deny Reality by Claiming Neo-Nazis Are ‘Feds’,-1
"Vivek Ramaswamy, the KKK and unicorns — Today’s Republican Party is a strange tableau",1
New York AG's office alleges Trump inflated his net worth by as much as $2.2 billion in 1 year,1
Democrats Want to Flip N.Y. House Seats. But There’s a Primary Problem.,-1
Bernie Sanders stumps for Biden: ‘He’s going to win’,0
Republican U.S. Rep. Dave Joyce endorses marijuana ballot initiative,1
Marjorie Taylor Greene says Mitch McConnell is 'not fit for office' after he appeared to freeze up for the second time,-1
Abortion survivor DeSantis mentioned at GOP debate speaks out: 'I did exist',1
"Trump Inflated Property Values by Up to $2.2 Billion, New York A.G. Says",1
"After DeSantis no-show, Scott stands next to Biden in Florida",0
Senior schools official spreads debunked myths about children using cat litter boxes as toilets,0
Lauren Boebert says conservatives are more oppressed than trans people after teacher scolds student,-1
Rep. Andrew Clyde to use appropriations process to defund Trump prosecutions until November 2024,0
The Hostile Takeover of Blue Cities by Red States,-1
"As Biden rolls out student debt ‘game-changer,’ U.S. Rep. Gluesenkamp Pérez offers rare Democratic dissent",-1
Biden speaks with DeSantis as Tropical Storm Idalia heads for Florida,0
"Ron DeSantis accused of ""playing politics"" after Biden hurricane visit snub",-1
Jared Kushner Faces Hunter Biden Treatment as Democrats Turn the Screw,0
"Manchin and his daughter pitching donors on a centrist political group, source says",0
Court Skirmishes Show Divergent Strategies by Prosecutors in Trump Cases,0
Marjorie Taylor Greene worries that Burning Man attendees are being brainwashed about climate change,-1
Biden pledges $95 million for Hawaii’s electrical grid after Maui wildfires,0
Change in how feds see marijuana could mean big tax cut for pot retailers,-1
More than 80 percent of voters are worried about US democracy: poll,-1
Mark Meadows and Georgia DA to face off over his request to move election case to federal court,0
Oklahoma House Democrats Call For Investigation Into Supt. Ryan Walters,0
US deficit is projected to roughly double this year: watchdog,-1
Mississippi's public defender system in crisis as some wait years for court-appointed lawyer,-1
DeSantis Gives OK for School Voucher Money to Be Used on Disney Tickets.,1
Where’s ‘Woke’? Republicans Test a Different Education Message,0
Arizona GOP braces for volatile Lake-Masters match-up,0
House Majority Leader Steve Scalise Diagnosed With Blood Cancer,-1
Chris Christie is actually gaining support for president. From Democrats.,1
Discussion Thread: White House Press Secretary Jean-Pierre Gives a Briefing at 12:45 p.m. EDT Before Biden Gives Remarks on Hurricane Idalia and Maui Wildfires at 1:45,0
Trump Spokesperson Has Major Freudian Slip On What Ex-President Does 'Right',0
Labor unions praise Biden's plan to boost staffing at nursing homes,1
Will Trump Regret Skipping The GOP Debates?,-1
Former Trump adviser Peter Navarro's contempt trial to begin Tuesday,-1
"Scalise, No. 2 House Republican, Says He Has Blood Cancer",-1
House conservatives flirt with shutdown: ‘So be it’,0
Eminem takes legal action against Vivek Ramaswamy over rapping his music at campaign events,0
U.S. declassifies historic Nixon intelligence reports on 1973 Chile coup,1
Possible easing of marijuana restrictions could have major implications,1
"‘Three Johns’ Top the List of Potential Successors to Mitch McConnell | The men are considered the leading candidates to replace the top Senate Republican, should he be forced to step aside for health reasons.",0
DeSantis refuses to call out Trump’s silence on Hurricane Idalia,0
Donald Trump and the Pardon Debate,1
A 15-year-old shakes up New Hampshire with tough questions for Ron DeSantis and other 2024 hopefuls: Quinn Mitchell has a jarring encounter with DeSantis and his super PAC supporters as he soaks up the 2024 election on the ground in his home state.,1
Ken Paxton tried to hide his affair from his wife and voters. It may be his undoing.,0
Why this Labor Day is so consequential,0
How Alabama is defying the supreme court to discriminate against Black voters,1
Why stormy weather this week could make or break Ron DeSantis,0
"Arizona’s US Senate race is so interesting, I’m making up words to describe it",1
Trump handed two key court dates as bid to delay trials until after election falls apart,-1
"Donald Trump's criminal cases, in one place",-1
Millions more workers would be entitled to overtime pay under a proposed Biden administration rule,0
Gallego introduces bill to discourage foreign firms from pumping Arizona groundwater,-1
Giuliani found liable for defaming two Georgia election officials,0
"How Vivek Ramaswamy, a Hindu, Is Aligning Himself With Christian Nationalists",0
Why some advocates are pushing back against decriminalization in the sex trade,0
"Facing a shutdown, McCarthy struggles to get his unruly caucus in line",-1
White House ramps up war room to battle expected GOP impeachment inquiry,-1
"Pennsylvania is considering an earlier 2024 presidential primary, partly to avoid voting on Passover",-1
The sleeper legal fight that could define 2024: Is Trump even eligible to run?,-1
Poor families could see cuts to food aid as Congress battles over budget,-1
Tax prep companies that spent over $90 million lobbying against free tax-filing system face new scrutiny from lawmakers,1
How soon until daylight saving time ends?,0
"After recent disasters, the White House says FEMA needs more money",-1
Discussion Thread: August 2023 Mississippi Primary Runoff Elections,0
Trump tells Glenn Beck he’d ‘lock up’ political opponents if reelected,0
Racist killings in Florida stoke outrage at state’s loose gun laws,-1
N.C. justice sues claiming ethics probe seeks to chill diversity critique,1
Trump co-defendant Kenneth Chesebro pleads not guilty in Georgia election case,1
"Bowers cites Trump chat, says election challenges not over",0
"Trump may throw his ""idiot"" sons ""under the bus"" in $250 million NY AG lawsuit",-1
Finger-pointing and frustration over migrant crisis leads to a total breakdown between White House and NYC mayor,-1
Blake Masters Plans to Enter Race for Kyrsten Sinema’s Senate Seat,0
"Biden gets low marks on economy and major concerns about his age as he looks to Trump rematch, new poll shows",-1
Ron DeSantis Seeks “Judicial Gerrymander” in Florida Courts,0
Rudy Giuliani Is Going to Have to Pay Damages to the Election Workers He Defamed,-1
U.S. health officials recommend moving marijuana to lower-risk drug classification,1
Alaska education board bans trans athletes from girls' high school sports,0
"In court, Trump supporter faces election official he violently threatened",-1
"Trump, co-defendants to be arraigned in Georgia on Sept. 6",0
Trump improves lead over Republican primary rivals after mugshot release,1
I-Team uncovers how Texas lawmakers diverted millions away from auto theft task forces: 'We don't have the manpower',0
Alaska education board to consider policy on transgender athletes,0
How corporate liberalism is changing both parties,1
Eminem demands Vivek Ramaswamy cease using his music on campaign trail,0
How Trump’s Election Lies Left the Michigan G.O.P. Broken and Battered,-1
The Protecting Kids on Social Media Act is A Terrible Alternative to KOSA,-1
DeSantis said he would send Special Forces after the cartels in Mexico as president. Can he do that?,1
"Trump Will Go to Trial for Coup Attempt One Day Before Super Tuesday: Trump’s trial is set to begin in March 2024, right as the primary season kicks off.",1
Michigan Gov. Gretchen Whitmer to call on Democrats to codify ‘Obamacare’ into state law,0
"Rep. Nancy Mace warns of ""staggering"" challenges Congress faces as U.S. heads toward ""child care cliff""",1
Smoke and mirrors: I’ve been debating Vivek Ramaswamy for 2 years. Here’s how I got past his diversionary tactics,0
"AOC Endorses Aaron Regunberg for Rhode Island's 1st Congressional District: ""As a community organizer, climate lawyer, and state legislator—Aaron has been a fierce champion for working people,"" said the New York Democrat. ""I'm proud to support him.""",1
"Google isn't intentionally biased against Republicans, says court",1
Bernie Sanders: Progressives must unite behind Biden against Trump threat,-1
"Federal officials tell New York City to improve its handling of migrant crisis, raise questions about local response",-1
Wisconsin Supreme Court chief justice accuses liberal majority of staging a ‘coup’,1
"Ramaswamy Fires At Nikki Haley On Campaign Website: ‘Keep Lying, Namrata Randhawa’",-1
Judge Slates Trump’s Federal Coup Trial for Heart of Primary Season,0
"Education advocates seek to repeal Nebraska's school choice law, while supporters say bill is win for everyone",1
First openly gay lawmaker elected in Mississippi,0
Judge rules against religious parents stopping kids hearing LGBTQ+ storybooks,0
Inside MTG and Kari Lake’s ‘Death Race’ To Become Trump’s VP,0
"Pressed on Trump's conduct, Ramaswamy argues: 'Bad judgment' is not 'a crime'",-1
"Tennessee State House votes to ‘silence’ Rep. Justin Jones, 1 of 2 Democrats expelled earlier this year",-1
"""Fake news"": DeSantis campaign denies Trump claim he might drop out of 2024 race",-1
Why Biden and Trump need each other in order to win in 2024,1
Donald Trump case tracker: where does each investigation stand?,0
Pope says 'backward' U.S. conservatives have replaced faith with ideology,1
A net of justice is tightening around 2020 election deniers and may be closing in on Trump,1
"Vivek Ramaswamy, in Favor of Ending Israel Aid, Opposes U.S. Military Force Against Iran",1
"Texas carves out narrow exception to abortion ban in new Republican strategy — Law allows for termination if patient’s water breaks too early or in cases of ectopic pregnancy, but critics say it is not enough",-1
Crime Is Nonpartisan,-1
Judge Won’t Let Banks and Insurers Hide Their Trump Docs,0
N.C. Republicans seem poised to override the governor's veto of new voting rules,1
President Biden heads to Florida to see Idalia's destruction. But he won't be seeing Gov. DeSantis,-1
"Trump DC trial set for March 2024, in thick of GOP presidential fight",-1
The EPA removes federal protections for most of the country's wetlands,0
Did data from Georgia voting machine breach play role in alleged Michigan election plot?,1
Five ways Mark Meadows’s testimony in Georgia federal court could backfire,0
Ted Cruz Appears to Endorse Plowing Into Climate Protesters With Cars,0
Vice chair of the House Armed Services Committee promises ‘resolute reaction’ if Taiwan is attacked,0
McConnell appears to freeze while speaking with reporters,0
Schiff says 14th Amendment disqualification ‘fits Donald Trump to a T’,0
Florida reviewers of AP African American Studies sought 'opposing viewpoints' of slavery,-1
"A Conservative Push to Save Ken Paxton | The effort to help the Texas attorney general, whose impeachment trial starts Tuesday, is part of an ongoing struggle over the Republican Party’s future.",1
ABC’s Stephanopoulos: ‘Shocking’ Despite Trump’s ‘Baggage’ He’s Tied with Biden,0
Georgia DA Warns Trump and Co-Defendants of Consequences for Speedy Trial Demand,-1
"UAW Files Charges Against Big Automakers, Alleging 'Willful Refusal to Bargain'",0
"‘Parents should have a big say’ in what’s happening in schools, Burgess Owens says. Congressman Burgess Owens speaks to Utah students and provided few policy specifics, instead focuses on being respectful",1
Oregon lawmakers send ranked choice voting proposal to November 2024 ballot,0
Florida Governor Ron DeSantis faces Black leaders' anger after racist killings in Jacksonville,-1
More queer people are coming to Oregon to flee restrictive laws. Service providers seeing increased need,1
Biden and Harris ask US to fight white supremacy after Florida shooting,-1
Court Rules in Pornhub’s Favor in Finding Texas Age-Verification Law Violates First Amendment,0
From conspiracy theories to congressional hearings: How UFOs became mainstream in America,-1
"In ‘chilling’ new interview, Trump says he’d ‘lock up’ his political enemies if re-elected",-1
Students from these 8 states can now enjoy free schools meals,1
About half of Texas voters think Ken Paxton’s actions justify removing him as attorney general,0
How Florida law could trip up Trump if he's convicted before the 2024 election,0
Former Judge Trashes “Stunningly Stupid” Move From Trump’s Legal Team: Trump’s legal team tried to compare his trial to a landmark Supreme Court case.,1
Students at center of Ron DeSantis' college culture war say emotions swirl on first day,-1
Rick Perry: The Conservative Case for Psychedelic Medicine,0
Illinois becomes magnet for trans students seeking protections,0
America Is the World Leader in Locking People Up. New York City Found a Fix,0
Ozempic could be the next target of Medicare drug price negotiations – here’s why,0
Trump Supporters Flood N.H. Election Office with Calls After False Claims about Ballot Access,1
Top Democrats say there's a strong case for disqualifying Trump,1
Michigan House Republicans Urge Members to Call Paid Family Leave Plan ‘Summer Break for Adults’,0
Rep. Justin Jones has been silenced from the House on Monday. Democrats left. The public screamed.,-1
"Trump County in Iowa Ousts Conspiracy Theorist, Elects Democrat Instead - The election in Iowa’s Warren County offers major lessons for Democrats organizing in other red states",-1
Trump’s Truth Social facing a key funding deadline,1
Christopher Rufo’s Alarming Crusade Against Public Universities,0
"Trump on trial, DeSantis wilting: But don’t expect Glenn Youngkin to be the Republicans’ 2024 white knight",0
Maricopa County Republicans want party to run its presidential preference election,1
"Trump Defenses of Georgia Phone Call Are Strong Arguments Against Trump 2024 Campaign - “We’re delusional, we’re unfathomably poorly informed, and we’d like to be put back in charge of the United States”",1
McConnell appears to freeze again during press conference,0
Why Some People Turn into Political Extremists,0
Gov. Kemp says special session to remove DA Willis from election investigation will not happen,1
GOP silences 'Tennessee Three' Democrat on House floor for day on 'out of order' rule; crowd erupts,0
Trump's Prosecution Is America's Last Hope,0
Vivek Ramaswamy’s Latest Supporter: O.J. Simpson,1
"2 years on, Afghanistan withdrawal continues to cast pall on Biden administration",0
Republican Presidential Candidates Vow to Fiddle as Earth Burns,0
Mark Meadows Might Have Just Perjured Himself,0
Judge knocks out key defense for former Trump adviser Navarro ahead of contempt of Congress trial,-1
Mitch McConnell Appears to Freeze Again for More Than 30 Seconds,0
"A shutdown wouldn't halt Trump's trials, so Republicans seek to rein in his prosecutors",0
AG denounces election worker threats as DOJ charges over a dozen people,-1
Kamala Harris touts strength of labor unions to build the middle class,1
US curbs AI chip exports from Nvidia and AMD to some Middle East countries,0
"Bernie Sanders says President Biden will win in 2024 if he runs on a ""strong progressive agenda""",1
California Democrat Admits Radical Crime Bill Is Not Working: 'I Made a Mistake',-1
Push To Strip Fox’s Broadcast License Over Election Lies Gains New Momentum,0
"Giuliani loses support of billionaires Langone, Cooperman: ‘I wouldn’t give him a nickel’",0
Secretaries of state get ready for possible challenges to Trump's ballot access,1
John Eastman shoots himself in the foot on Fox News,0
Judge says former Trump adviser Peter Navarro has failed to show Trump asserted executive privilege,-1
"Independents, with a lowercase i, are now Arizona’s biggest voter group",0
Judge Chutkan compares Jan. 6 to 9/11 trials in court,0
"Whistleblowers, fraud and Nate Paul: A timeline of Texas AG Ken Paxton's impeachment trial",-1
"Biden says he hasn’t ‘been able to break’ for East Palestine visit, despite Lake Tahoe getaway and DE trips",0
D.C. to pay $5.1 million settlement after judge finds Second Amendment violations,-1
Republicans demand a ransom: Defund the prosecution of Donald Trump or else,-1
"A shutdown wouldn't halt Trump's trials, so Republicans seek to rein in his prosecutors — Federal criminal proceedings are exempted from shutdowns. But GOP House members want to use a must-pass funding bill to defund or limit law enforcement investigating Trump.",0
Eric Trump: ‘Nonsense’ charges will make my father Donald Trump US president again,-1
Bennet Commits to Protecting Water Conservation Funds at Annual Water Congress Summer Conference,0
Mark Meadows Takes the Stand,0
Lawmakers want subpoena power in UFO inquiries,0
Oregon Capitol staffers have reached a tentative union contract with lawmakers,0
Nikki Haley calls US Senate ‘most privileged nursing home in the country’,1
‘A crime on every citizen:’ Shaker Heights lawyer who donated to Trump headed to prison in election fraud case,-1
Judge blocks Arkansas law requiring parental Ok for minors to create social media accounts,1
Bracing for Trump 2.0,0
Republican lawmakers want to stop businesses in a small Florida town from displaying rainbow stickers to show they are a safe place for LGBTQ+ people,1
"Biden is widely seen as too old for office, an AP-NORC poll finds. Trump has problems of his own",-1
GOP state lawmaker arrested in Alabama on felony voter fraud charges,-1
Schumer moves to split House and Senate Republicans ahead of potential shutdown,0
St. Paul City Council apologizes for reparations commission hiring process,1
Trump supporter on trial for Jan. 6 charges says he was 'very comfy' in senator’s chair,0
State Republicans Try to Remove Top Jurist for Mentioning the Existence of Racial Bias,0
"Highways are the next antiabortion target. One Texas town is resisting. A new ordinance, passed in several jurisdictions and under consideration elsewhere, aims to stop people from using local roads to drive someone out of state for an abortion",-1
Biden used aliases to communicate information to son,0
"Blake Masters said to be set to enter Senate race, signaling Republican battles ahead",-1
Republican group targets Trump over Georgia indictment,0
"Utah politicians kick off new ‘American Founders and Constitution Month’ by mixing flags and faith. ‘God’s fingerprints are everywhere,’ said Tad Callister, a former LDS general authority, at the Capitol on Thursday during an event commemorating Utah’s latest patriotic holiday.",1
White House condemns Marjorie Taylor Greene threat to shut down government,-1
It's time for several Republicans to quit the presidential race,0
‘Bring them to justice’: Georgia town residents demand answers in Trump election plot,0
What would Donald Trump’s TV trial have looked like?,1
"Ken Paxton may be impeached, but his anti-environment legacy will live on Opponents call the embattled Texas attorney general’s tenure “a disaster for Texas’ air, water, and climate.”",-1
"Biden surveys Hurricane Idalia’s damage in Florida, without DeSantis",-1
Amy Coney Barrett says she welcomes public scrutiny of Supreme Court,1
Trump takes huge primary lead as 78pc of Republicans back Capitol riot in new poll,-1
"'Shakedown': Los Angeles politician sentenced to 42 months on corruption charges, latest in city scandals",-1
CREW files ethics complaint against Rep. Andrew Clyde,-1
"Is public school as we know it ending? — Private school vouchers lost a lot of battles, but they may have won the war.",-1
Mark Meadows' court declaration could spectacularly backfire,0
The surrogates: Trump’s strategy for campaigning from court,0
"Millions of workers earning less than $55,000 could get overtime pay under Biden proposal",0
The Limits of Vivek Ramaswamy’s Racist Con Game,-1
Republicans have made it clear: No state is safe from abortion bans,1
AOC says the US should apologize for its history of interventions in Latin America: 'It's very hard for us to move forward when there is this huge elephant in the room',1
Mark Meadows paints himself into a corner,0
Two beers a week? Ted Cruz says Democrats are ‘trying to control every aspect’ of life,0
"Republican threatens Trump with ""legal hell"" that could kick him off ballot",-1
"Judge finds Giuliani defamed Georgia election workers, orders sanctions",0
Poll: Most Republicans think Trump should join second debate,1
Clarence Thomas discloses private jet trips provided by billionaire Harlan Crow,0
"U.S. to spend more than $500 billion on climate over a decade under three laws, study says",0
Is Trump disqualified for the N.H. primary? The secretary of state is seeking legal advice.,-1
Ron DeSantis Is Afraid of Questions From a 15-Year-Old,0
Blake Masters plans another Arizona Senate bid — this time for Sinema’s seat,0
The US economy still seems to be avoiding a recession,-1
Appeals court denies DOJ request to block Trump deposition in lawsuits by ex-FBI officials,-1
'We cannot be a**holes to women': GOP lawmaker on abortion rights,0
"Trump-era rule change allowing the logging of old-growth forests violates laws, judge says",-1
Former Proud Boys leader Enrique Tarrio faces sentencing in the Jan. 6 Capitol attack,0
Trump scores major victory from Obama-appointed judge,0
Jared Kushner accusations compared to Hunter Biden allegations,-1
Rightwing activist Leonard Leo under investigation in Washington DC,0
Santos not considering a plea deal ‘but you never know’,0
Biden Appointees Just Made It Easier For Workers To Form Unions,1
"Trump inflated net worth by $2.2 billion, NY attorney general alleges",1
Texas is about to shut down an election office in a heavily Democratic county that includes Houston less than two months before the city's mayoral election,0
'No One Is Above The Law': Republican Group Hits Trump Hard In Damning Fox News Ad,-1
Biden says he and DeSantis working together on Idalia recovery efforts,0
"McConnell suffering ‘occasional lightheadedness’ but is clear to keep working after freezing up in press conference, his doctor says",0
Clarence Thomas Acknowledges Undisclosed Real Estate Deal With Harlan Crow and Discloses Private Jet Flights,0
DOJ loses on appeal in trying to block Trump deposition,-1
DeSantis' Florida Redistricting Map Is Unconstitutional And Must Be Redrawn: Judge,0
Coalition launches ballot measure campaign to put abortion rights in Arizona Constitution,0
"Trump inflated his net worth by $2.2 billion, New York AG says in filing",1
U.S. health agency recommends easing federal restrictions on marijuana,1
Elon Musk lifts political ad ban at rebranded Twitter,-1
AOC says the left is 'bewildered' by power because they were 'not used to having' it for years in the US,0
How Trump's attacks on prosecutors build on history of using racist language and stereotypes,-1
Mitch McConnell freezes and appears unresponsive in second press conference incident,0
Haley on Trump Legal Woes: Americans Will Not 'Vote for a Convicted Criminal',-1
Biden is touring Hurricane Idalia damage. But DeSantis doesn't have plans to meet him,-1
Biden's big gamble: Staying quiet on Trump,0
"Trump pushes back on allegations he inflated net worth, claims he was defamed",1
DeSantis voted against Sandy aid a decade ago. Now his state needs the help.,1
Canada warns LGBTQ people of U.S. state laws in updated travel advisory,0
"Giuliani loses Georgia election worker defamation suit by default, judge rules",-1
Donald Trump is facing 91 criminal charges and a range of civil lawsuits. Here's how his legal problems are lining up.,-1
"Sen. Tommy Tuberville is worth at least $4.5 million, according to his financial disclosures",1
Angela Paxton’s Ties to a Shell Company,0
California school district sued over policy to out trans students,0
Biden mocks ‘great real-estate’ developer Trump who ‘didn’t build a damn thing’ at Labor Day rally in Pa.,-1
"Donald Trump Spends Labor Day Weekend Planning A Revenge Tour | “Republicans are already thinking about what we are going to do to Biden and the Communists when it’s our turn,” Trump wrote on Truth Social.",-1
"Emulating Trump, Ramaswamy Shows a Penchant for Dispensing With the Facts",0
The NYPD Denied Our Request for Body Camera Footage of a “Friendly Fire” Killing. Here’s How We Got It Anyway.,-1
Meadows court hearing could reveal Easter egg in Trump Georgia case,0
Mitch McConnell appears to freeze again while talking to reporters in Kentucky,0
"New poll shows massive backlash to anti-LGBTQ school policies. A new Navigator Research Poll shows that book bans, school sports policies, and Don’t Say Gay bills are wildly unpopular",0
A 6-figure Donald Trump donor is now a No Labels adviser,-1
Voters in one Iowa county reject GOP-appointed auditor who posted about 2020 election doubts,-1
White men have controlled women’s reproductive rights throughout American history – the post-Dobbs era is no different,-1
"White House asks Congress to pass short-term spending deal, boost food aid",1
Biden administration unveils first 10 drugs subject to Medicare price negotiations,0
The End Will Come for the Cult of MAGA,0
Trump drops 6 points in post-debate GOP poll,0
"Republican Women, Fearing Backlash on Abortion, Pivot to Birth Control",-1
Dunleavy vetoes bill to ban harmful ‘forever chemicals’ in firefighting foams,-1
"Spanberger: A year later, the Inflation Reduction Act is helping Virginians save money",1
White House bashes Greene over threat to not fund government without impeachment inquiry,-1
What Your Insurer Is Trying to Tell You About Climate Change - Insurers are trying to send a message. The government is trying to suppress it.,0
Tulsa public schools have averted a takeover for now. But threats from top education official aren't over,-1
Biden heads to Philadelphia for a Labor Day parade and is expected to speak about unions' importance,1
George Stephanopoulos Grills Vivek Ramaswamy Over Trump Sympathy,1
Trump campaign aide told police officers to 'go hang yourself' at Jan. 6 riot,-1
Judge Requests More Information On Mark Meadows' Request To Move Trial,0
Abortion fight unites the left and rattles the right in key Wis. battleground,-1
White House Press Secretary Thrown for a Loop When Reporter Asks if Biden Wants to ‘Limit Americans to Two Beers a Week',0
Christie says Meadows has ‘argument to make’ in moving Georgia case to federal court,0
Trump's Georgia election interference trial will be livestreamed on YouTube,0
